"","Var1","Freq"
"1","Female",0.199247505316539
"2","Male",0.800752494683461
