"","Var1","Freq"
"1","25 - 45",0.570096515622444
"2","Greater than 45",0.218223458203828
"3","Less than 25",0.211680026173728
